-- MySQL dump 10.13  Distrib 9.2.0, for Win64 (x86_64)
--
-- Host: localhost    Database: cep50
-- ------------------------------------------------------
-- Server version	9.2.0

/*!40101 SET @OLD_CHARACTER_SET_CLIENT=@@CHARACTER_SET_CLIENT */;
/*!40101 SET @OLD_CHARACTER_SET_RESULTS=@@CHARACTER_SET_RESULTS */;
/*!40101 SET @OLD_COLLATION_CONNECTION=@@COLLATION_CONNECTION */;
/*!50503 SET NAMES utf8mb4 */;
/*!40103 SET @OLD_TIME_ZONE=@@TIME_ZONE */;
/*!40103 SET TIME_ZONE='+00:00' */;
/*!40014 SET @OLD_UNIQUE_CHECKS=@@UNIQUE_CHECKS, UNIQUE_CHECKS=0 */;
/*!40014 SET @OLD_FOREIGN_KEY_CHECKS=@@FOREIGN_KEY_CHECKS, FOREIGN_KEY_CHECKS=0 */;
/*!40101 SET @OLD_SQL_MODE=@@SQL_MODE, SQL_MODE='NO_AUTO_VALUE_ON_ZERO' */;
/*!40111 SET @OLD_SQL_NOTES=@@SQL_NOTES, SQL_NOTES=0 */;

--
-- Table structure for table `alumnos`
--

DROP TABLE IF EXISTS `alumnos`;
/*!40101 SET @saved_cs_client     = @@character_set_client */;
/*!50503 SET character_set_client = utf8mb4 */;
CREATE TABLE `alumnos` (
  `id` bigint NOT NULL AUTO_INCREMENT,
  `nombre` varchar(255) NOT NULL,
  `apellido` varchar(255) NOT NULL,
  `dni` varchar(20) NOT NULL,
  `edad` int NOT NULL,
  `telefono` varchar(20) DEFAULT NULL,
  `tutor` varchar(255) DEFAULT NULL,
  `regular` tinyint(1) NOT NULL DEFAULT '1',
  `curso_id` bigint NOT NULL,
  `ciclo_id` int DEFAULT NULL,
  PRIMARY KEY (`id`),
  UNIQUE KEY `dni` (`dni`),
  KEY `curso_id` (`curso_id`),
  CONSTRAINT `alumnos_ibfk_1` FOREIGN KEY (`curso_id`) REFERENCES `cursos` (`id`) ON DELETE CASCADE ON UPDATE CASCADE
) ENGINE=InnoDB AUTO_INCREMENT=17 DEFAULT CHARSET=utf8mb4 COLLATE=utf8mb4_0900_ai_ci;
/*!40101 SET character_set_client = @saved_cs_client */;

--
-- Dumping data for table `alumnos`
--

LOCK TABLES `alumnos` WRITE;
/*!40000 ALTER TABLE `alumnos` DISABLE KEYS */;
INSERT INTO `alumnos` VALUES (2,'Carlos','Duarte','41000000',13,'3743000000','Jose D',1,1,NULL),(3,'Jona','Peralta','41000001',13,'3743000001','Jose P',1,1,NULL),(4,'Sofia','Ramirez','41000002',13,'3743000002','Pedro R',1,1,NULL),(5,'Romina','Herrera','41000003',14,'3743000003','Pedro T',1,1,NULL),(6,'Carlos','Wepa','41000006',15,'3743000000','Jose D',1,1,NULL),(7,'Maria Soledad','ewe','32288334',23,'3743000000','Montiel Lialiana',1,4,NULL),(9,'Mar├¡a','2','123445544',2,'3743000000','2',1,4,NULL),(10,'Carlos','ww','1243124234',2,'22','Jose D',1,3,NULL),(16,'Carlos','LOLITO','12345612',14,'3743000000','Jose D',1,1,1);
/*!40000 ALTER TABLE `alumnos` ENABLE KEYS */;
UNLOCK TABLES;

--
-- Table structure for table `ciclos_lectivos`
--

DROP TABLE IF EXISTS `ciclos_lectivos`;
/*!40101 SET @saved_cs_client     = @@character_set_client */;
/*!50503 SET character_set_client = utf8mb4 */;
CREATE TABLE `ciclos_lectivos` (
  `id` int NOT NULL AUTO_INCREMENT,
  `anio` int NOT NULL,
  `activo` tinyint(1) DEFAULT '0',
  PRIMARY KEY (`id`)
) ENGINE=InnoDB AUTO_INCREMENT=3 DEFAULT CHARSET=utf8mb4 COLLATE=utf8mb4_0900_ai_ci;
/*!40101 SET character_set_client = @saved_cs_client */;

--
-- Dumping data for table `ciclos_lectivos`
--

LOCK TABLES `ciclos_lectivos` WRITE;
/*!40000 ALTER TABLE `ciclos_lectivos` DISABLE KEYS */;
INSERT INTO `ciclos_lectivos` VALUES (1,2026,0),(2,2027,1);
/*!40000 ALTER TABLE `ciclos_lectivos` ENABLE KEYS */;
UNLOCK TABLES;

--
-- Table structure for table `curso_profesor_materia`
--

DROP TABLE IF EXISTS `curso_profesor_materia`;
/*!40101 SET @saved_cs_client     = @@character_set_client */;
/*!50503 SET character_set_client = utf8mb4 */;
CREATE TABLE `curso_profesor_materia` (
  `id` bigint NOT NULL AUTO_INCREMENT,
  `curso_id` bigint NOT NULL,
  `profesor_id` bigint NOT NULL,
  `materia_id` bigint NOT NULL,
  `ciclo_id` int DEFAULT NULL,
  PRIMARY KEY (`id`),
  KEY `curso_id` (`curso_id`),
  KEY `profesor_id` (`profesor_id`),
  KEY `materia_id` (`materia_id`),
  CONSTRAINT `curso_profesor_materia_ibfk_1` FOREIGN KEY (`curso_id`) REFERENCES `cursos` (`id`) ON DELETE CASCADE ON UPDATE CASCADE,
  CONSTRAINT `curso_profesor_materia_ibfk_2` FOREIGN KEY (`profesor_id`) REFERENCES `profesores` (`id`) ON DELETE CASCADE ON UPDATE CASCADE,
  CONSTRAINT `curso_profesor_materia_ibfk_3` FOREIGN KEY (`materia_id`) REFERENCES `materias` (`id`) ON DELETE CASCADE ON UPDATE CASCADE
) ENGINE=InnoDB AUTO_INCREMENT=5 DEFAULT CHARSET=utf8mb4 COLLATE=utf8mb4_0900_ai_ci;
/*!40101 SET character_set_client = @saved_cs_client */;

--
-- Dumping data for table `curso_profesor_materia`
--

LOCK TABLES `curso_profesor_materia` WRITE;
/*!40000 ALTER TABLE `curso_profesor_materia` DISABLE KEYS */;
INSERT INTO `curso_profesor_materia` VALUES (1,1,11,1,1);
/*!40000 ALTER TABLE `curso_profesor_materia` ENABLE KEYS */;
UNLOCK TABLES;

--
-- Table structure for table `cursos`
--

DROP TABLE IF EXISTS `cursos`;
/*!40101 SET @saved_cs_client     = @@character_set_client */;
/*!50503 SET character_set_client = utf8mb4 */;
CREATE TABLE `cursos` (
  `id` bigint NOT NULL AUTO_INCREMENT,
  `nombre` varchar(255) NOT NULL,
  `orden` int NOT NULL DEFAULT '0',
  PRIMARY KEY (`id`)
) ENGINE=InnoDB AUTO_INCREMENT=16 DEFAULT CHARSET=utf8mb4 COLLATE=utf8mb4_0900_ai_ci;
/*!40101 SET character_set_client = @saved_cs_client */;

--
-- Dumping data for table `cursos`
--

LOCK TABLES `cursos` WRITE;
/*!40000 ALTER TABLE `cursos` DISABLE KEYS */;
INSERT INTO `cursos` VALUES (1,'Primero',1),(2,'Segundo',2),(3,'Tercero',3),(4,'Cuarto',4),(5,'Quinto',5);
/*!40000 ALTER TABLE `cursos` ENABLE KEYS */;
UNLOCK TABLES;

--
-- Table structure for table `materias`
--

DROP TABLE IF EXISTS `materias`;
/*!40101 SET @saved_cs_client     = @@character_set_client */;
/*!50503 SET character_set_client = utf8mb4 */;
CREATE TABLE `materias` (
  `id` bigint NOT NULL AUTO_INCREMENT,
  `nombre` varchar(255) NOT NULL,
  PRIMARY KEY (`id`),
  UNIQUE KEY `nombre` (`nombre`)
) ENGINE=InnoDB AUTO_INCREMENT=38 DEFAULT CHARSET=utf8mb4 COLLATE=utf8mb4_0900_ai_ci;
/*!40101 SET character_set_client = @saved_cs_client */;

--
-- Dumping data for table `materias`
--

LOCK TABLES `materias` WRITE;
/*!40000 ALTER TABLE `materias` DISABLE KEYS */;
INSERT INTO `materias` VALUES (19,'Agroecolog├¡a'),(13,'Art├¡stica'),(4,'Biolog├¡a'),(17,'Ciudadan├¡a'),(24,'Derecho'),(2,'Econom├¡a'),(10,'Ed. F├¡sica'),(16,'EDI'),(7,'Filosof├¡a'),(11,'Fisica'),(15,'F├¡sico Qu├¡mica'),(9,'Form. ├ëtica'),(27,'Form. Profesional'),(5,'Geograf├¡a'),(18,'Granja'),(23,'Higiene'),(3,'Historia'),(6,'Lengua'),(1,'Matem├íticas'),(12,'Portug├⌐s'),(20,'Proyecto'),(26,'Psicolog├¡a'),(21,'Qu├¡mica'),(22,'Qu├¡mica Aplicada'),(25,'Salud y Ambiente'),(8,'Tecnolog├¡a'),(14,'TIC');
/*!40000 ALTER TABLE `materias` ENABLE KEYS */;
UNLOCK TABLES;

--
-- Table structure for table `notas`
--

DROP TABLE IF EXISTS `notas`;
/*!40101 SET @saved_cs_client     = @@character_set_client */;
/*!50503 SET character_set_client = utf8mb4 */;
CREATE TABLE `notas` (
  `id` bigint NOT NULL AUTO_INCREMENT,
  `alumno_id` bigint DEFAULT NULL,
  `curso_id` bigint DEFAULT NULL,
  `materia_id` bigint DEFAULT NULL,
  `trimestre` int NOT NULL,
  `numero` int NOT NULL,
  `nota` decimal(5,2) DEFAULT NULL,
  `guardado` tinyint(1) DEFAULT '1',
  `enviado` tinyint(1) DEFAULT '0',
  `created_at` timestamp NULL DEFAULT CURRENT_TIMESTAMP,
  `updated_at` timestamp NULL DEFAULT CURRENT_TIMESTAMP ON UPDATE CURRENT_TIMESTAMP,
  `ciclo_id` int DEFAULT NULL,
  PRIMARY KEY (`id`),
  UNIQUE KEY `nota_unica` (`alumno_id`,`curso_id`,`materia_id`,`trimestre`,`numero`,`ciclo_id`),
  KEY `idx_notas_curso` (`curso_id`),
  KEY `idx_notas_materia` (`materia_id`),
  KEY `idx_notas_alumno` (`alumno_id`),
  CONSTRAINT `notas_ibfk_1` FOREIGN KEY (`alumno_id`) REFERENCES `alumnos` (`id`) ON DELETE CASCADE ON UPDATE CASCADE,
  CONSTRAINT `notas_ibfk_2` FOREIGN KEY (`curso_id`) REFERENCES `cursos` (`id`),
  CONSTRAINT `notas_ibfk_3` FOREIGN KEY (`materia_id`) REFERENCES `materias` (`id`)
) ENGINE=InnoDB AUTO_INCREMENT=10282 DEFAULT CHARSET=utf8mb4 COLLATE=utf8mb4_0900_ai_ci;
/*!40101 SET character_set_client = @saved_cs_client */;

--
-- Dumping data for table `notas`
--

LOCK TABLES `notas` WRITE;
/*!40000 ALTER TABLE `notas` DISABLE KEYS */;
INSERT INTO `notas` VALUES (2082,2,1,1,1,1,NULL,1,0,'2025-08-14 20:39:34','2026-03-11 20:43:10',1),(2083,3,1,1,1,1,6.00,1,0,'2025-08-14 20:39:34','2026-03-11 14:59:16',1),(2084,4,1,1,1,1,6.00,1,0,'2025-08-14 20:39:34','2026-03-11 14:59:16',1),(2085,5,1,1,1,1,6.00,1,0,'2025-08-14 20:39:34','2026-03-11 14:59:16',1),(2145,2,1,1,1,2,NULL,1,0,'2025-08-22 14:13:07','2026-03-11 20:43:10',1),(2146,5,1,1,1,2,6.00,1,0,'2025-08-22 14:13:07','2026-03-11 14:59:16',1),(2147,3,1,1,1,2,6.00,1,0,'2025-08-22 14:13:07','2026-03-11 14:59:16',1),(2149,2,1,1,1,3,NULL,1,0,'2025-09-18 17:16:41','2026-03-11 14:48:48',1),(2150,2,1,1,2,1,NULL,1,0,'2025-09-18 17:16:41','2026-03-11 14:37:36',1),(2161,5,1,1,2,1,NULL,1,0,'2025-09-18 20:53:11','2026-03-11 13:15:34',1),(2162,5,1,1,2,2,NULL,1,0,'2025-09-18 20:53:11','2026-03-11 13:15:34',1),(2163,5,1,1,2,3,NULL,1,0,'2025-09-18 20:53:11','2026-03-11 13:15:34',1),(2176,3,1,1,2,1,NULL,1,0,'2025-09-18 21:06:35','2026-03-11 13:15:34',1),(2177,3,1,1,2,2,NULL,1,0,'2025-09-18 21:06:35','2026-03-11 13:15:34',1),(2178,3,1,1,2,3,NULL,1,0,'2025-09-18 21:06:35','2026-03-11 13:15:34',1),(2256,2,1,1,3,1,NULL,1,0,'2026-03-05 21:41:57','2026-03-11 14:37:36',1),(2351,2,1,1,2,2,NULL,1,0,'2026-03-06 17:23:53','2026-03-11 14:37:36',1),(2352,2,1,1,2,3,NULL,1,0,'2026-03-06 17:23:53','2026-03-11 14:37:36',1),(2377,5,1,1,1,3,NULL,1,0,'2026-03-06 18:48:35','2026-03-11 14:37:36',1),(2485,2,1,1,4,1,NULL,1,0,'2026-03-07 16:55:21','2026-03-11 13:37:10',1),(2514,5,1,1,3,1,NULL,1,0,'2026-03-07 17:07:04','2026-03-11 13:15:34',1),(2515,5,1,1,3,2,NULL,1,0,'2026-03-07 17:07:04','2026-03-11 13:15:34',1),(2516,5,1,1,3,3,NULL,1,0,'2026-03-07 17:07:04','2026-03-11 13:15:34',1),(2517,5,1,1,3,4,NULL,1,0,'2026-03-07 17:07:04','2026-03-11 13:15:34',1),(2518,5,1,1,4,1,NULL,1,0,'2026-03-07 17:07:04','2026-03-10 17:15:23',1),(2519,5,1,1,4,2,NULL,1,0,'2026-03-07 17:07:04','2026-03-10 17:15:23',1),(2615,4,1,1,2,1,NULL,1,0,'2026-03-07 17:22:48','2026-03-11 14:37:36',1),(2616,4,1,1,2,2,NULL,1,0,'2026-03-07 17:22:48','2026-03-11 14:37:36',1),(2617,4,1,1,2,3,NULL,1,0,'2026-03-07 17:22:48','2026-03-11 13:15:34',1),(2618,4,1,1,2,4,NULL,1,0,'2026-03-07 17:22:48','2026-03-11 13:15:34',1),(2648,4,1,1,3,1,NULL,1,0,'2026-03-07 17:22:55','2026-03-11 14:37:36',1),(2649,4,1,1,3,2,NULL,1,0,'2026-03-07 17:22:55','2026-03-11 13:15:34',1),(2650,4,1,1,3,3,NULL,1,0,'2026-03-07 17:22:55','2026-03-11 13:15:34',1),(2684,4,1,1,4,1,NULL,1,0,'2026-03-07 17:23:00','2026-03-10 17:15:23',1),(2721,3,1,1,4,1,NULL,1,0,'2026-03-07 17:23:05','2026-03-11 13:15:34',1),(3145,3,1,1,4,2,NULL,1,0,'2026-03-07 23:38:59','2026-03-10 17:15:23',1),(3265,3,1,1,3,1,NULL,1,0,'2026-03-07 23:39:26','2026-03-11 13:15:34',1),(3266,3,1,1,3,2,NULL,1,0,'2026-03-07 23:39:26','2026-03-11 13:15:34',1),(3267,3,1,1,3,3,NULL,1,0,'2026-03-07 23:39:26','2026-03-11 13:15:34',1),(3393,2,1,6,1,1,NULL,1,0,'2026-03-07 23:45:25','2026-03-11 13:15:34',1),(3394,2,1,6,1,2,NULL,1,0,'2026-03-07 23:45:25','2026-03-11 13:15:34',1),(3395,2,1,6,1,3,NULL,1,0,'2026-03-07 23:45:25','2026-03-11 13:15:34',1),(3396,2,1,6,2,1,NULL,1,0,'2026-03-07 23:45:25','2026-03-11 13:15:34',1),(3397,2,1,6,2,2,NULL,1,0,'2026-03-07 23:45:25','2026-03-11 13:15:34',1),(3398,2,1,6,2,3,NULL,1,0,'2026-03-07 23:45:25','2026-03-11 13:15:34',1),(3399,5,1,6,1,1,NULL,1,0,'2026-03-07 23:45:25','2026-03-11 13:15:34',1),(3400,5,1,6,1,3,NULL,1,0,'2026-03-07 23:45:25','2026-03-11 13:15:34',1),(3401,5,1,6,2,1,NULL,1,0,'2026-03-07 23:45:25','2026-03-11 13:15:34',1),(3402,5,1,6,2,2,NULL,1,0,'2026-03-07 23:45:25','2026-03-11 13:15:34',1),(3403,5,1,6,3,1,NULL,1,0,'2026-03-07 23:45:25','2026-03-11 13:15:34',1),(3404,5,1,6,3,2,NULL,1,0,'2026-03-07 23:45:25','2026-03-11 13:15:34',1),(3405,3,1,6,1,1,NULL,1,0,'2026-03-07 23:45:25','2026-03-11 13:15:34',1),(3406,3,1,6,2,1,NULL,1,0,'2026-03-07 23:45:25','2026-03-11 13:15:34',1),(3407,3,1,6,3,1,NULL,1,0,'2026-03-07 23:45:25','2026-03-11 13:15:34',1),(3408,4,1,6,1,1,NULL,1,0,'2026-03-07 23:45:25','2026-03-11 13:15:34',1),(3409,4,1,6,1,2,NULL,1,0,'2026-03-07 23:45:25','2026-03-11 13:15:34',1),(3410,4,1,6,3,1,NULL,1,0,'2026-03-07 23:45:25','2026-03-11 13:15:34',1),(3411,4,1,6,3,2,NULL,1,0,'2026-03-07 23:45:25','2026-03-11 13:15:34',1),(3576,2,1,1,1,4,NULL,1,0,'2026-03-07 23:57:25','2026-03-11 13:15:34',1),(3577,2,1,1,2,4,NULL,1,0,'2026-03-07 23:57:25','2026-03-10 17:15:23',1),(3578,2,1,1,3,2,NULL,1,0,'2026-03-07 23:57:25','2026-03-11 14:37:36',1),(3579,2,1,1,3,3,NULL,1,0,'2026-03-07 23:57:25','2026-03-11 14:37:36',1),(3580,2,1,1,3,4,NULL,1,0,'2026-03-07 23:57:25','2026-03-10 17:15:23',1),(3581,2,1,1,4,2,NULL,1,0,'2026-03-07 23:57:25','2026-03-11 13:15:34',1),(3582,5,1,1,1,4,NULL,1,0,'2026-03-07 23:57:25','2026-03-11 13:15:34',1),(3583,5,1,1,2,4,NULL,1,0,'2026-03-07 23:57:25','2026-03-10 17:15:23',1),(3584,3,1,1,1,3,NULL,1,0,'2026-03-07 23:57:25','2026-03-11 14:58:17',1),(3585,3,1,1,1,4,NULL,1,0,'2026-03-07 23:57:25','2026-03-11 14:58:17',1),(3586,3,1,1,2,4,NULL,1,0,'2026-03-07 23:57:25','2026-03-10 17:15:23',1),(3587,3,1,1,3,4,NULL,1,0,'2026-03-07 23:57:25','2026-03-10 17:15:23',1),(3588,4,1,1,1,2,6.00,1,0,'2026-03-07 23:57:25','2026-03-11 14:59:16',1),(3589,4,1,1,1,3,NULL,1,0,'2026-03-07 23:57:25','2026-03-11 13:15:34',1),(3590,4,1,1,1,4,NULL,1,0,'2026-03-07 23:57:25','2026-03-11 13:15:34',1),(3591,4,1,1,3,4,NULL,1,0,'2026-03-07 23:57:25','2026-03-10 17:15:23',1),(3592,4,1,1,4,2,NULL,1,0,'2026-03-07 23:57:25','2026-03-10 17:15:23',1),(5046,2,1,6,1,4,NULL,1,0,'2026-03-10 18:00:23','2026-03-10 18:00:23',1),(5047,2,1,6,2,4,NULL,1,0,'2026-03-10 18:00:23','2026-03-10 18:00:23',1),(5048,2,1,6,3,1,NULL,1,0,'2026-03-10 18:00:23','2026-03-10 18:00:23',1),(5049,2,1,6,3,2,NULL,1,0,'2026-03-10 18:00:23','2026-03-10 18:00:23',1),(5050,2,1,6,3,3,NULL,1,0,'2026-03-10 18:00:23','2026-03-10 18:00:23',1),(5051,2,1,6,3,4,NULL,1,0,'2026-03-10 18:00:23','2026-03-10 18:00:23',1),(5052,2,1,6,4,1,NULL,1,0,'2026-03-10 18:00:23','2026-03-10 18:00:23',1),(5053,2,1,6,4,2,NULL,1,0,'2026-03-10 18:00:23','2026-03-10 18:00:23',1),(5054,5,1,6,1,2,NULL,1,0,'2026-03-10 18:00:23','2026-03-10 18:00:23',1),(5055,5,1,6,1,4,NULL,1,0,'2026-03-10 18:00:23','2026-03-10 18:00:23',1),(5056,5,1,6,2,3,NULL,1,0,'2026-03-10 18:00:23','2026-03-10 18:00:23',1),(5057,5,1,6,2,4,NULL,1,0,'2026-03-10 18:00:23','2026-03-10 18:00:23',1),(5058,5,1,6,3,3,NULL,1,0,'2026-03-10 18:00:23','2026-03-10 18:00:23',1),(5059,5,1,6,3,4,NULL,1,0,'2026-03-10 18:00:23','2026-03-10 18:00:23',1),(5060,5,1,6,4,1,NULL,1,0,'2026-03-10 18:00:23','2026-03-10 18:00:23',1),(5061,5,1,6,4,2,NULL,1,0,'2026-03-10 18:00:23','2026-03-10 18:00:23',1),(5062,3,1,6,1,2,NULL,1,0,'2026-03-10 18:00:23','2026-03-10 18:00:23',1),(5063,3,1,6,1,3,NULL,1,0,'2026-03-10 18:00:23','2026-03-10 18:00:23',1),(5064,3,1,6,1,4,NULL,1,0,'2026-03-10 18:00:23','2026-03-10 18:00:23',1),(5065,3,1,6,2,2,NULL,1,0,'2026-03-10 18:00:23','2026-03-10 18:00:23',1),(5066,3,1,6,2,3,NULL,1,0,'2026-03-10 18:00:23','2026-03-10 18:00:23',1),(5067,3,1,6,2,4,NULL,1,0,'2026-03-10 18:00:23','2026-03-10 18:00:23',1),(5068,3,1,6,3,2,NULL,1,0,'2026-03-10 18:00:23','2026-03-10 18:00:23',1),(5069,3,1,6,3,3,NULL,1,0,'2026-03-10 18:00:23','2026-03-10 18:00:23',1),(5070,3,1,6,3,4,NULL,1,0,'2026-03-10 18:00:23','2026-03-10 18:00:23',1),(5071,3,1,6,4,1,NULL,1,0,'2026-03-10 18:00:23','2026-03-10 18:00:23',1),(5072,3,1,6,4,2,NULL,1,0,'2026-03-10 18:00:23','2026-03-10 18:00:23',1),(5073,4,1,6,1,3,NULL,1,0,'2026-03-10 18:00:23','2026-03-10 18:00:23',1),(5074,4,1,6,1,4,NULL,1,0,'2026-03-10 18:00:23','2026-03-10 18:00:23',1),(5075,4,1,6,2,1,NULL,1,0,'2026-03-10 18:00:23','2026-03-10 18:00:23',1),(5076,4,1,6,2,2,NULL,1,0,'2026-03-10 18:00:23','2026-03-10 18:00:23',1),(5077,4,1,6,2,3,NULL,1,0,'2026-03-10 18:00:23','2026-03-10 18:00:23',1),(5078,4,1,6,2,4,NULL,1,0,'2026-03-10 18:00:23','2026-03-10 18:00:23',1),(5079,4,1,6,3,3,NULL,1,0,'2026-03-10 18:00:23','2026-03-10 18:00:23',1),(5080,4,1,6,3,4,NULL,1,0,'2026-03-10 18:00:23','2026-03-10 18:00:23',1),(5081,4,1,6,4,1,NULL,1,0,'2026-03-10 18:00:23','2026-03-10 18:00:23',1),(5082,4,1,6,4,2,NULL,1,0,'2026-03-10 18:00:23','2026-03-10 18:00:23',1),(8266,2,1,1,1,1,NULL,1,0,'2026-03-11 15:07:35','2026-03-11 20:46:26',2),(8267,2,1,1,1,2,NULL,1,0,'2026-03-11 15:07:35','2026-03-11 20:46:26',2),(8268,2,1,1,1,3,NULL,1,0,'2026-03-11 15:07:35','2026-03-11 15:07:35',2),(8269,2,1,1,1,4,NULL,1,0,'2026-03-11 15:07:35','2026-03-11 15:07:35',2),(8270,2,1,1,2,1,NULL,1,0,'2026-03-11 15:07:35','2026-03-11 15:07:35',2),(8271,2,1,1,2,2,NULL,1,0,'2026-03-11 15:07:35','2026-03-11 15:07:35',2),(8272,2,1,1,2,3,NULL,1,0,'2026-03-11 15:07:35','2026-03-11 15:07:35',2),(8273,2,1,1,2,4,NULL,1,0,'2026-03-11 15:07:35','2026-03-11 15:07:35',2),(8274,2,1,1,3,1,NULL,1,0,'2026-03-11 15:07:35','2026-03-11 15:07:35',2),(8275,2,1,1,3,2,NULL,1,0,'2026-03-11 15:07:35','2026-03-11 15:07:35',2),(8276,2,1,1,3,3,NULL,1,0,'2026-03-11 15:07:35','2026-03-11 15:07:35',2),(8277,2,1,1,3,4,NULL,1,0,'2026-03-11 15:07:35','2026-03-11 15:07:35',2),(8278,2,1,1,4,1,NULL,1,0,'2026-03-11 15:07:35','2026-03-11 15:07:35',2),(8279,2,1,1,4,2,NULL,1,0,'2026-03-11 15:07:35','2026-03-11 15:07:35',2),(8280,5,1,1,1,1,6.00,1,0,'2026-03-11 15:07:35','2026-03-11 20:46:26',2),(8281,5,1,1,1,2,6.00,1,0,'2026-03-11 15:07:35','2026-03-11 20:46:26',2),(8282,5,1,1,1,3,NULL,1,0,'2026-03-11 15:07:35','2026-03-11 15:07:35',2),(8283,5,1,1,1,4,NULL,1,0,'2026-03-11 15:07:35','2026-03-11 15:07:35',2),(8284,5,1,1,2,1,NULL,1,0,'2026-03-11 15:07:35','2026-03-11 15:07:35',2),(8285,5,1,1,2,2,NULL,1,0,'2026-03-11 15:07:35','2026-03-11 15:07:35',2),(8286,5,1,1,2,3,NULL,1,0,'2026-03-11 15:07:35','2026-03-11 15:07:35',2),(8287,5,1,1,2,4,NULL,1,0,'2026-03-11 15:07:35','2026-03-11 15:07:35',2),(8288,5,1,1,3,1,NULL,1,0,'2026-03-11 15:07:35','2026-03-11 15:07:35',2),(8289,5,1,1,3,2,NULL,1,0,'2026-03-11 15:07:35','2026-03-11 15:07:35',2),(8290,5,1,1,3,3,NULL,1,0,'2026-03-11 15:07:35','2026-03-11 15:07:35',2),(8291,5,1,1,3,4,NULL,1,0,'2026-03-11 15:07:35','2026-03-11 15:07:35',2),(8292,5,1,1,4,1,NULL,1,0,'2026-03-11 15:07:35','2026-03-11 15:07:35',2),(8293,5,1,1,4,2,NULL,1,0,'2026-03-11 15:07:35','2026-03-11 15:07:35',2),(8294,3,1,1,1,1,6.00,1,0,'2026-03-11 15:07:35','2026-03-11 20:46:26',2),(8295,3,1,1,1,2,6.00,1,0,'2026-03-11 15:07:35','2026-03-11 20:46:26',2),(8296,3,1,1,1,3,NULL,1,0,'2026-03-11 15:07:35','2026-03-11 15:07:35',2),(8297,3,1,1,1,4,NULL,1,0,'2026-03-11 15:07:35','2026-03-11 15:07:35',2),(8298,3,1,1,2,1,NULL,1,0,'2026-03-11 15:07:35','2026-03-11 15:07:35',2),(8299,3,1,1,2,2,NULL,1,0,'2026-03-11 15:07:35','2026-03-11 15:07:35',2),(8300,3,1,1,2,3,NULL,1,0,'2026-03-11 15:07:35','2026-03-11 15:07:35',2),(8301,3,1,1,2,4,NULL,1,0,'2026-03-11 15:07:35','2026-03-11 15:07:35',2),(8302,3,1,1,3,1,NULL,1,0,'2026-03-11 15:07:35','2026-03-11 15:07:35',2),(8303,3,1,1,3,2,NULL,1,0,'2026-03-11 15:07:35','2026-03-11 15:07:35',2),(8304,3,1,1,3,3,NULL,1,0,'2026-03-11 15:07:35','2026-03-11 15:07:35',2),(8305,3,1,1,3,4,NULL,1,0,'2026-03-11 15:07:35','2026-03-11 15:07:35',2),(8306,3,1,1,4,1,NULL,1,0,'2026-03-11 15:07:35','2026-03-11 15:07:35',2),(8307,3,1,1,4,2,NULL,1,0,'2026-03-11 15:07:35','2026-03-11 15:07:35',2),(8308,4,1,1,1,1,6.00,1,0,'2026-03-11 15:07:35','2026-03-11 20:46:26',2),(8309,4,1,1,1,2,6.00,1,0,'2026-03-11 15:07:35','2026-03-11 20:46:26',2),(8310,4,1,1,1,3,NULL,1,0,'2026-03-11 15:07:35','2026-03-11 15:07:35',2),(8311,4,1,1,1,4,NULL,1,0,'2026-03-11 15:07:35','2026-03-11 15:07:35',2),(8312,4,1,1,2,1,NULL,1,0,'2026-03-11 15:07:35','2026-03-11 15:07:35',2),(8313,4,1,1,2,2,NULL,1,0,'2026-03-11 15:07:35','2026-03-11 15:07:35',2),(8314,4,1,1,2,3,NULL,1,0,'2026-03-11 15:07:35','2026-03-11 15:07:35',2),(8315,4,1,1,2,4,NULL,1,0,'2026-03-11 15:07:35','2026-03-11 15:07:35',2),(8316,4,1,1,3,1,NULL,1,0,'2026-03-11 15:07:35','2026-03-11 15:07:35',2),(8317,4,1,1,3,2,NULL,1,0,'2026-03-11 15:07:35','2026-03-11 15:07:35',2),(8318,4,1,1,3,3,NULL,1,0,'2026-03-11 15:07:35','2026-03-11 15:07:35',2),(8319,4,1,1,3,4,NULL,1,0,'2026-03-11 15:07:35','2026-03-11 15:07:35',2),(8320,4,1,1,4,1,NULL,1,0,'2026-03-11 15:07:35','2026-03-11 15:07:35',2),(8321,4,1,1,4,2,NULL,1,0,'2026-03-11 15:07:35','2026-03-11 15:07:35',2),(8336,2,1,6,1,1,NULL,1,0,'2026-03-11 15:07:35','2026-03-11 15:07:35',2),(8337,2,1,6,1,2,NULL,1,0,'2026-03-11 15:07:35','2026-03-11 15:07:35',2),(8338,2,1,6,1,3,NULL,1,0,'2026-03-11 15:07:35','2026-03-11 15:07:35',2),(8339,2,1,6,1,4,NULL,1,0,'2026-03-11 15:07:35','2026-03-11 15:07:35',2),(8340,2,1,6,2,1,NULL,1,0,'2026-03-11 15:07:35','2026-03-11 15:07:35',2),(8341,2,1,6,2,2,NULL,1,0,'2026-03-11 15:07:35','2026-03-11 15:07:35',2),(8342,2,1,6,2,3,NULL,1,0,'2026-03-11 15:07:35','2026-03-11 15:07:35',2),(8343,2,1,6,2,4,NULL,1,0,'2026-03-11 15:07:35','2026-03-11 15:07:35',2),(8344,2,1,6,3,1,NULL,1,0,'2026-03-11 15:07:35','2026-03-11 15:07:35',2),(8345,2,1,6,3,2,NULL,1,0,'2026-03-11 15:07:35','2026-03-11 15:07:35',2),(8346,2,1,6,3,3,NULL,1,0,'2026-03-11 15:07:35','2026-03-11 15:07:35',2),(8347,2,1,6,3,4,NULL,1,0,'2026-03-11 15:07:35','2026-03-11 15:07:35',2),(8348,2,1,6,4,1,NULL,1,0,'2026-03-11 15:07:35','2026-03-11 15:07:35',2),(8349,2,1,6,4,2,NULL,1,0,'2026-03-11 15:07:35','2026-03-11 15:07:35',2),(8350,5,1,6,1,1,NULL,1,0,'2026-03-11 15:07:35','2026-03-11 15:07:35',2),(8351,5,1,6,1,2,NULL,1,0,'2026-03-11 15:07:35','2026-03-11 15:07:35',2),(8352,5,1,6,1,3,NULL,1,0,'2026-03-11 15:07:35','2026-03-11 15:07:35',2),(8353,5,1,6,1,4,NULL,1,0,'2026-03-11 15:07:35','2026-03-11 15:07:35',2),(8354,5,1,6,2,1,NULL,1,0,'2026-03-11 15:07:35','2026-03-11 15:07:35',2),(8355,5,1,6,2,2,NULL,1,0,'2026-03-11 15:07:35','2026-03-11 15:07:35',2),(8356,5,1,6,2,3,NULL,1,0,'2026-03-11 15:07:35','2026-03-11 15:07:35',2),(8357,5,1,6,2,4,NULL,1,0,'2026-03-11 15:07:35','2026-03-11 15:07:35',2),(8358,5,1,6,3,1,NULL,1,0,'2026-03-11 15:07:35','2026-03-11 15:07:35',2),(8359,5,1,6,3,2,NULL,1,0,'2026-03-11 15:07:35','2026-03-11 15:07:35',2),(8360,5,1,6,3,3,NULL,1,0,'2026-03-11 15:07:35','2026-03-11 15:07:35',2),(8361,5,1,6,3,4,NULL,1,0,'2026-03-11 15:07:35','2026-03-11 15:07:35',2),(8362,5,1,6,4,1,NULL,1,0,'2026-03-11 15:07:35','2026-03-11 15:07:35',2),(8363,5,1,6,4,2,NULL,1,0,'2026-03-11 15:07:35','2026-03-11 15:07:35',2),(8364,3,1,6,1,1,NULL,1,0,'2026-03-11 15:07:35','2026-03-11 15:07:35',2),(8365,3,1,6,1,2,NULL,1,0,'2026-03-11 15:07:35','2026-03-11 15:07:35',2),(8366,3,1,6,1,3,NULL,1,0,'2026-03-11 15:07:35','2026-03-11 15:07:35',2),(8367,3,1,6,1,4,NULL,1,0,'2026-03-11 15:07:35','2026-03-11 15:07:35',2),(8368,3,1,6,2,1,NULL,1,0,'2026-03-11 15:07:35','2026-03-11 15:07:35',2),(8369,3,1,6,2,2,NULL,1,0,'2026-03-11 15:07:35','2026-03-11 15:07:35',2),(8370,3,1,6,2,3,NULL,1,0,'2026-03-11 15:07:35','2026-03-11 15:07:35',2),(8371,3,1,6,2,4,NULL,1,0,'2026-03-11 15:07:35','2026-03-11 15:07:35',2),(8372,3,1,6,3,1,NULL,1,0,'2026-03-11 15:07:35','2026-03-11 15:07:35',2),(8373,3,1,6,3,2,NULL,1,0,'2026-03-11 15:07:35','2026-03-11 15:07:35',2),(8374,3,1,6,3,3,NULL,1,0,'2026-03-11 15:07:35','2026-03-11 15:07:35',2),(8375,3,1,6,3,4,NULL,1,0,'2026-03-11 15:07:35','2026-03-11 15:07:35',2),(8376,3,1,6,4,1,NULL,1,0,'2026-03-11 15:07:35','2026-03-11 15:07:35',2),(8377,3,1,6,4,2,NULL,1,0,'2026-03-11 15:07:35','2026-03-11 15:07:35',2),(8378,4,1,6,1,1,NULL,1,0,'2026-03-11 15:07:35','2026-03-11 15:07:35',2),(8379,4,1,6,1,2,NULL,1,0,'2026-03-11 15:07:35','2026-03-11 15:07:35',2),(8380,4,1,6,1,3,NULL,1,0,'2026-03-11 15:07:35','2026-03-11 15:07:35',2),(8381,4,1,6,1,4,NULL,1,0,'2026-03-11 15:07:35','2026-03-11 15:07:35',2),(8382,4,1,6,2,1,NULL,1,0,'2026-03-11 15:07:35','2026-03-11 15:07:35',2),(8383,4,1,6,2,2,NULL,1,0,'2026-03-11 15:07:35','2026-03-11 15:07:35',2),(8384,4,1,6,2,3,NULL,1,0,'2026-03-11 15:07:35','2026-03-11 15:07:35',2),(8385,4,1,6,2,4,NULL,1,0,'2026-03-11 15:07:35','2026-03-11 15:07:35',2),(8386,4,1,6,3,1,NULL,1,0,'2026-03-11 15:07:35','2026-03-11 15:07:35',2),(8387,4,1,6,3,2,NULL,1,0,'2026-03-11 15:07:35','2026-03-11 15:07:35',2),(8388,4,1,6,3,3,NULL,1,0,'2026-03-11 15:07:35','2026-03-11 15:07:35',2),(8389,4,1,6,3,4,NULL,1,0,'2026-03-11 15:07:35','2026-03-11 15:07:35',2),(8390,4,1,6,4,1,NULL,1,0,'2026-03-11 15:07:35','2026-03-11 15:07:35',2),(8391,4,1,6,4,2,NULL,1,0,'2026-03-11 15:07:35','2026-03-11 15:07:35',2),(8448,6,1,1,1,1,6.00,1,0,'2026-03-11 20:27:03','2026-03-11 20:43:27',1),(8449,6,1,1,1,2,NULL,1,0,'2026-03-11 20:27:03','2026-03-11 20:27:03',1),(8450,6,1,1,1,3,NULL,1,0,'2026-03-11 20:27:03','2026-03-11 20:27:03',1),(8451,6,1,1,1,4,NULL,1,0,'2026-03-11 20:27:03','2026-03-11 20:27:03',1),(8452,6,1,1,2,1,NULL,1,0,'2026-03-11 20:27:03','2026-03-11 20:27:03',1),(8453,6,1,1,2,2,NULL,1,0,'2026-03-11 20:27:03','2026-03-11 20:27:03',1),(8454,6,1,1,2,3,NULL,1,0,'2026-03-11 20:27:03','2026-03-11 20:27:03',1),(8455,6,1,1,2,4,NULL,1,0,'2026-03-11 20:27:03','2026-03-11 20:27:03',1),(8456,6,1,1,3,1,NULL,1,0,'2026-03-11 20:27:03','2026-03-11 20:27:03',1),(8457,6,1,1,3,2,NULL,1,0,'2026-03-11 20:27:03','2026-03-11 20:27:03',1),(8458,6,1,1,3,3,NULL,1,0,'2026-03-11 20:27:03','2026-03-11 20:27:03',1),(8459,6,1,1,3,4,NULL,1,0,'2026-03-11 20:27:03','2026-03-11 20:27:03',1),(8460,6,1,1,4,1,NULL,1,0,'2026-03-11 20:27:03','2026-03-11 20:27:03',1),(8461,6,1,1,4,2,NULL,1,0,'2026-03-11 20:27:03','2026-03-11 20:27:03',1),(8476,6,1,6,1,1,NULL,1,0,'2026-03-11 20:27:03','2026-03-11 20:27:03',1),(8477,6,1,6,1,2,NULL,1,0,'2026-03-11 20:27:03','2026-03-11 20:27:03',1),(8478,6,1,6,1,3,NULL,1,0,'2026-03-11 20:27:03','2026-03-11 20:27:03',1),(8479,6,1,6,1,4,NULL,1,0,'2026-03-11 20:27:03','2026-03-11 20:27:03',1),(8480,6,1,6,2,1,NULL,1,0,'2026-03-11 20:27:03','2026-03-11 20:27:03',1),(8481,6,1,6,2,2,NULL,1,0,'2026-03-11 20:27:03','2026-03-11 20:27:03',1),(8482,6,1,6,2,3,NULL,1,0,'2026-03-11 20:27:03','2026-03-11 20:27:03',1),(8483,6,1,6,2,4,NULL,1,0,'2026-03-11 20:27:03','2026-03-11 20:27:03',1),(8484,6,1,6,3,1,NULL,1,0,'2026-03-11 20:27:03','2026-03-11 20:27:03',1),(8485,6,1,6,3,2,NULL,1,0,'2026-03-11 20:27:03','2026-03-11 20:27:03',1),(8486,6,1,6,3,3,NULL,1,0,'2026-03-11 20:27:03','2026-03-11 20:27:03',1),(8487,6,1,6,3,4,NULL,1,0,'2026-03-11 20:27:03','2026-03-11 20:27:03',1),(8488,6,1,6,4,1,NULL,1,0,'2026-03-11 20:27:03','2026-03-11 20:27:03',1),(8489,6,1,6,4,2,NULL,1,0,'2026-03-11 20:27:03','2026-03-11 20:27:03',1),(8938,16,1,1,1,1,5.00,1,0,'2026-03-11 20:36:13','2026-03-11 20:37:19',1),(8939,16,1,1,1,2,5.00,1,0,'2026-03-11 20:36:13','2026-03-11 20:37:19',1),(8940,16,1,1,1,3,6.00,1,0,'2026-03-11 20:36:13','2026-03-11 20:37:19',1),(8941,16,1,1,1,4,NULL,1,0,'2026-03-11 20:36:13','2026-03-11 20:36:13',1),(8942,16,1,1,2,1,5.00,1,0,'2026-03-11 20:36:13','2026-03-11 20:37:19',1),(8943,16,1,1,2,2,5.00,1,0,'2026-03-11 20:36:13','2026-03-11 20:37:19',1),(8944,16,1,1,2,3,6.00,1,0,'2026-03-11 20:36:13','2026-03-11 20:37:19',1),(8945,16,1,1,2,4,NULL,1,0,'2026-03-11 20:36:13','2026-03-11 20:36:13',1),(8946,16,1,1,3,1,4.00,1,0,'2026-03-11 20:36:13','2026-03-11 20:47:20',1),(8947,16,1,1,3,2,6.00,1,0,'2026-03-11 20:36:13','2026-03-11 20:36:13',1),(8948,16,1,1,3,3,5.00,1,0,'2026-03-11 20:36:13','2026-03-11 20:47:20',1),(8949,16,1,1,3,4,NULL,1,0,'2026-03-11 20:36:13','2026-03-11 20:36:13',1),(8950,16,1,1,4,1,3.00,1,0,'2026-03-11 20:36:13','2026-03-11 20:47:41',1),(8951,16,1,1,4,2,NULL,1,0,'2026-03-11 20:36:13','2026-03-11 20:58:47',1),(8952,16,1,6,1,1,NULL,1,0,'2026-03-11 20:36:13','2026-03-11 20:36:13',1),(8953,16,1,6,1,2,NULL,1,0,'2026-03-11 20:36:13','2026-03-11 20:36:13',1),(8954,16,1,6,1,3,NULL,1,0,'2026-03-11 20:36:13','2026-03-11 20:36:13',1),(8955,16,1,6,1,4,NULL,1,0,'2026-03-11 20:36:13','2026-03-11 20:36:13',1),(8956,16,1,6,2,1,NULL,1,0,'2026-03-11 20:36:13','2026-03-11 20:36:13',1),(8957,16,1,6,2,2,NULL,1,0,'2026-03-11 20:36:13','2026-03-11 20:36:13',1),(8958,16,1,6,2,3,NULL,1,0,'2026-03-11 20:36:13','2026-03-11 20:36:13',1),(8959,16,1,6,2,4,NULL,1,0,'2026-03-11 20:36:13','2026-03-11 20:36:13',1),(8960,16,1,6,3,1,NULL,1,0,'2026-03-11 20:36:13','2026-03-11 20:36:13',1),(8961,16,1,6,3,2,NULL,1,0,'2026-03-11 20:36:13','2026-03-11 20:36:13',1),(8962,16,1,6,3,3,NULL,1,0,'2026-03-11 20:36:13','2026-03-11 20:36:13',1),(8963,16,1,6,3,4,NULL,1,0,'2026-03-11 20:36:13','2026-03-11 20:36:13',1),(8964,16,1,6,4,1,NULL,1,0,'2026-03-11 20:36:13','2026-03-11 20:36:13',1),(8965,16,1,6,4,2,NULL,1,0,'2026-03-11 20:36:13','2026-03-11 20:36:13',1),(9442,16,1,1,1,1,5.00,1,0,'2026-03-11 20:46:26','2026-03-11 20:46:26',2),(9443,16,1,1,1,2,5.00,1,0,'2026-03-11 20:46:26','2026-03-11 20:46:26',2),(9444,16,1,1,1,3,6.00,1,0,'2026-03-11 20:46:26','2026-03-11 20:46:26',2),(9445,16,1,1,1,4,NULL,1,0,'2026-03-11 20:46:26','2026-03-11 20:46:26',2),(9446,16,1,1,2,1,5.00,1,0,'2026-03-11 20:46:26','2026-03-11 20:46:26',2),(9447,16,1,1,2,2,5.00,1,0,'2026-03-11 20:46:26','2026-03-11 20:46:26',2),(9448,16,1,1,2,3,6.00,1,0,'2026-03-11 20:46:26','2026-03-11 20:46:26',2),(9449,16,1,1,2,4,NULL,1,0,'2026-03-11 20:46:26','2026-03-11 20:46:26',2),(9450,16,1,1,3,1,6.00,1,0,'2026-03-11 20:46:26','2026-03-11 20:46:26',2),(9451,16,1,1,3,2,6.00,1,0,'2026-03-11 20:46:26','2026-03-11 20:46:26',2),(9452,16,1,1,3,3,5.00,1,0,'2026-03-11 20:46:26','2026-03-11 20:46:26',2),(9453,16,1,1,3,4,NULL,1,0,'2026-03-11 20:46:26','2026-03-11 20:46:26',2),(9454,16,1,1,4,1,6.00,1,0,'2026-03-11 20:46:26','2026-03-11 20:46:28',2),(9455,16,1,1,4,2,NULL,1,0,'2026-03-11 20:46:26','2026-03-11 20:46:26',2),(9456,6,1,1,1,1,6.00,1,0,'2026-03-11 20:46:26','2026-03-11 20:46:26',2),(9457,6,1,1,1,2,NULL,1,0,'2026-03-11 20:46:26','2026-03-11 20:46:26',2),(9458,6,1,1,1,3,NULL,1,0,'2026-03-11 20:46:26','2026-03-11 20:46:26',2),(9459,6,1,1,1,4,NULL,1,0,'2026-03-11 20:46:26','2026-03-11 20:46:26',2),(9460,6,1,1,2,1,NULL,1,0,'2026-03-11 20:46:26','2026-03-11 20:46:26',2),(9461,6,1,1,2,2,NULL,1,0,'2026-03-11 20:46:26','2026-03-11 20:46:26',2),(9462,6,1,1,2,3,NULL,1,0,'2026-03-11 20:46:26','2026-03-11 20:46:26',2),(9463,6,1,1,2,4,NULL,1,0,'2026-03-11 20:46:26','2026-03-11 20:46:26',2),(9464,6,1,1,3,1,NULL,1,0,'2026-03-11 20:46:26','2026-03-11 20:46:26',2),(9465,6,1,1,3,2,NULL,1,0,'2026-03-11 20:46:26','2026-03-11 20:46:26',2),(9466,6,1,1,3,3,NULL,1,0,'2026-03-11 20:46:26','2026-03-11 20:46:26',2),(9467,6,1,1,3,4,NULL,1,0,'2026-03-11 20:46:26','2026-03-11 20:46:26',2),(9468,6,1,1,4,1,NULL,1,0,'2026-03-11 20:46:26','2026-03-11 20:46:26',2),(9469,6,1,1,4,2,NULL,1,0,'2026-03-11 20:46:26','2026-03-11 20:46:26',2);
/*!40000 ALTER TABLE `notas` ENABLE KEYS */;
UNLOCK TABLES;

--
-- Table structure for table `profesores`
--

DROP TABLE IF EXISTS `profesores`;
/*!40101 SET @saved_cs_client     = @@character_set_client */;
/*!50503 SET character_set_client = utf8mb4 */;
CREATE TABLE `profesores` (
  `id` bigint NOT NULL AUTO_INCREMENT,
  `nombre` varchar(255) NOT NULL,
  `apellido` varchar(255) NOT NULL,
  `dni` varchar(20) NOT NULL,
  `activo` tinyint(1) NOT NULL DEFAULT '1',
  PRIMARY KEY (`id`),
  UNIQUE KEY `dni` (`dni`)
) ENGINE=InnoDB AUTO_INCREMENT=14 DEFAULT CHARSET=utf8mb4 COLLATE=utf8mb4_0900_ai_ci;
/*!40101 SET character_set_client = @saved_cs_client */;

--
-- Dumping data for table `profesores`
--

LOCK TABLES `profesores` WRITE;
/*!40000 ALTER TABLE `profesores` DISABLE KEYS */;
INSERT INTO `profesores` VALUES (11,'Santiago','Maidana','36094825',1);
/*!40000 ALTER TABLE `profesores` ENABLE KEYS */;
UNLOCK TABLES;

--
-- Temporary view structure for view `vista_boletines`
--

DROP TABLE IF EXISTS `vista_boletines`;
/*!50001 DROP VIEW IF EXISTS `vista_boletines`*/;
SET @saved_cs_client     = @@character_set_client;
/*!50503 SET character_set_client = utf8mb4 */;
/*!50001 CREATE VIEW `vista_boletines` AS SELECT 
 1 AS `ciclo_id`,
 1 AS `ciclo`,
 1 AS `alumno_id`,
 1 AS `alumno`,
 1 AS `alumno_apellido`,
 1 AS `curso`,
 1 AS `materia`,
 1 AS `t1`,
 1 AS `t2`,
 1 AS `t3`,
 1 AS `examen_dic`,
 1 AS `examen_mar`,
 1 AS `promedio_trimestres`,
 1 AS `estado`,
 1 AS `nota_final`*/;
SET character_set_client = @saved_cs_client;

--
-- Final view structure for view `vista_boletines`
--

/*!50001 DROP VIEW IF EXISTS `vista_boletines`*/;
/*!50001 SET @saved_cs_client          = @@character_set_client */;
/*!50001 SET @saved_cs_results         = @@character_set_results */;
/*!50001 SET @saved_col_connection     = @@collation_connection */;
/*!50001 SET character_set_client      = utf8mb4 */;
/*!50001 SET character_set_results     = utf8mb4 */;
/*!50001 SET collation_connection      = utf8mb4_0900_ai_ci */;
/*!50001 CREATE ALGORITHM=UNDEFINED */
/*!50013 DEFINER=`root`@`localhost` SQL SECURITY DEFINER */
/*!50001 VIEW `vista_boletines` AS select `n`.`ciclo_id` AS `ciclo_id`,`cl`.`anio` AS `ciclo`,`n`.`alumno_id` AS `alumno_id`,`a`.`nombre` AS `alumno`,`a`.`apellido` AS `alumno_apellido`,`c`.`nombre` AS `curso`,`m`.`nombre` AS `materia`,truncate(avg((case when (`n`.`trimestre` = 1) then `n`.`nota` end)),2) AS `t1`,truncate(avg((case when (`n`.`trimestre` = 2) then `n`.`nota` end)),2) AS `t2`,truncate(avg((case when (`n`.`trimestre` = 3) then `n`.`nota` end)),2) AS `t3`,max((case when ((`n`.`trimestre` = 4) and (`n`.`numero` = 1)) then `n`.`nota` end)) AS `examen_dic`,max((case when ((`n`.`trimestre` = 4) and (`n`.`numero` = 2)) then `n`.`nota` end)) AS `examen_mar`,truncate((((avg((case when (`n`.`trimestre` = 1) then `n`.`nota` end)) + avg((case when (`n`.`trimestre` = 2) then `n`.`nota` end))) + avg((case when (`n`.`trimestre` = 3) then `n`.`nota` end))) / 3),2) AS `promedio_trimestres`,(case when ((avg((case when (`n`.`trimestre` = 1) then `n`.`nota` end)) < 6) or (avg((case when (`n`.`trimestre` = 2) then `n`.`nota` end)) < 6) or (avg((case when (`n`.`trimestre` = 3) then `n`.`nota` end)) < 6)) then 'EP' else 'APROBADO' end) AS `estado`,(case when ((avg((case when (`n`.`trimestre` = 1) then `n`.`nota` end)) < 6) or (avg((case when (`n`.`trimestre` = 2) then `n`.`nota` end)) < 6) or (avg((case when (`n`.`trimestre` = 3) then `n`.`nota` end)) < 6)) then (case when (max((case when ((`n`.`trimestre` = 4) and (`n`.`numero` = 1)) then `n`.`nota` end)) >= 6) then max((case when ((`n`.`trimestre` = 4) and (`n`.`numero` = 1)) then `n`.`nota` end)) when (max((case when ((`n`.`trimestre` = 4) and (`n`.`numero` = 2)) then `n`.`nota` end)) >= 6) then max((case when ((`n`.`trimestre` = 4) and (`n`.`numero` = 2)) then `n`.`nota` end)) else NULL end) else truncate((((avg((case when (`n`.`trimestre` = 1) then `n`.`nota` end)) + avg((case when (`n`.`trimestre` = 2) then `n`.`nota` end))) + avg((case when (`n`.`trimestre` = 3) then `n`.`nota` end))) / 3),2) end) AS `nota_final` from ((((`notas` `n` join `ciclos_lectivos` `cl` on((`cl`.`id` = `n`.`ciclo_id`))) join `alumnos` `a` on((`a`.`id` = `n`.`alumno_id`))) join `cursos` `c` on((`c`.`id` = `n`.`curso_id`))) join `materias` `m` on((`m`.`id` = `n`.`materia_id`))) group by `n`.`ciclo_id`,`n`.`alumno_id`,`n`.`curso_id`,`n`.`materia_id` */;
/*!50001 SET character_set_client      = @saved_cs_client */;
/*!50001 SET character_set_results     = @saved_cs_results */;
/*!50001 SET collation_connection      = @saved_col_connection */;
/*!40103 SET TIME_ZONE=@OLD_TIME_ZONE */;

/*!40101 SET SQL_MODE=@OLD_SQL_MODE */;
/*!40014 SET FOREIGN_KEY_CHECKS=@OLD_FOREIGN_KEY_CHECKS */;
/*!40014 SET UNIQUE_CHECKS=@OLD_UNIQUE_CHECKS */;
/*!40101 SET CHARACTER_SET_CLIENT=@OLD_CHARACTER_SET_CLIENT */;
/*!40101 SET CHARACTER_SET_RESULTS=@OLD_CHARACTER_SET_RESULTS */;
/*!40101 SET COLLATION_CONNECTION=@OLD_COLLATION_CONNECTION */;
/*!40111 SET SQL_NOTES=@OLD_SQL_NOTES */;

-- Dump completed on 2026-03-11 19:00:08
